{
  "configuration": {
    "window_size": 10,
    "learning_rate": 0.05,
    "iterations": 50,
    "x_max": 100,
    "alpha": 0.75,
    "dimensions": [
      50,
      100,
      200,
      300
    ],
    "vocabulary_size": 25013,
    "documents": 67093
  },
  "results": {
    "d50": {
      "training_time_minutes": 161.59,
      "final_loss": 0.16815751791000366
    },
    "d100": {
      "training_time_minutes": 162.24,
      "final_loss": 0.13949786126613617
    },
    "d200": {
      "training_time_minutes": 161.12,
      "final_loss": 0.107220858335495
    },
    "d300": {
      "training_time_minutes": 178.15,
      "final_loss": 0.08472951501607895
    }
  }
}